date,email_sessions,organic_sessisons,volume,cost_Facebook_Prospecting,cost_Google_Pmax,cost_Google_Search,cost_Facebook_Retargeting,cost_TikTok_Prospecting,cost_TikTok_Retargeting,cost_Facebook_Full Funnel,impression_Facebook_Prospecting,impression_Google_Pmax,impression_Google_Search,impression_Facebook_Retargeting,impression_TikTok_Prospecting,impression_TikTok_Retargeting,impression_Facebook_Full Funnel,new_customers,Quantity,net_sales,AOV,week_starting,Date,Retail_sales__total,GAFO_1_,unemployment,cpi,cpi_percent_change,cfi_shipments,ics,fed_rate,mei,sp,sp_pecentage_change,Health_and_personal_care_stores,Pharmacies_and_drug_stores,Miscellaneous_store_retailers,black_friday,christmas,columbus_day,cyber_monday,easter_sunday,fathers_day,good_friday,halloween,hanukkah_start,independence_day,juneteenth,labor_day,memorial_day,mothers_day,presidents_day,prime_day,small_business_saturday,thanksgiving,two_weeks_before_christmas,valentine_day,veterans_day,week_before_christmas
2023-03-11,55280,151005,18,0.0,0.0,0.0,0.0,0.0,0.0,0.0,0,0,0,0,0,0,0,2524,13443,129867.82,9.6606278360485,2023-03-11,2023-03-11,147390.0,30610.25,0.875,75.459,1.25,0.29,15.5,1.1625,-0.2,992.14,-0.0068,9021.75,7612.0,3135.0,0.0,0.0,0.0,0.0,0.0,0.0,0.0,0.0,0.0,0.0,0.0,0.0,0.0,0.0,0.0,0.0,0.0,0.0,0.0,0.0,0.0,0.0
2023-03-18,185371,256777,16,0.0,0.0,0.0,0.0,0.0,0.0,0.0,0,0,0,0,0,0,0,2539,12912,127956.45,9.909886152416355,2023-03-18,2023-03-18,147390.0,30610.25,0.875,75.459,1.25,0.29,15.5,1.1625,-0.2,992.14,-0.0068,9021.75,7612.0,3135.0,0.0,0.0,0.0,0.0,0.0,0.0,0.0,0.0,0.0,0.0,0.0,0.0,0.0,0.0,0.0,0.0,0.0,0.0,0.0,0.0,0.0,0.0
2023-03-25,76013,209545,15,0.0,0.0,0.0,0.0,0.0,0.0,0.0,0,0,0,0,0,0,0,2566,15070,142134.49,9.431618447246183,2023-03-25,2023-03-25,147390.0,30610.25,0.875,75.459,1.25,0.29,15.5,1.1625,-0.2,992.14,-0.0068,9021.75,7612.0,3135.0,0.0,0.0,0.0,0.0,0.0,0.0,0.0,0.0,0.0,0.0,0.0,0.0,0.0,0.0,0.0,0.0,0.0,0.0,0.0,0.0,0.0,0.0
2023-04-01,107126,230258,15,0.0,0.0,0.0,0.0,0.0,0.0,0.0,0,0,0,0,0,0,0,2158,9389,106873.8,11.382873575460646,2023-04-01,2023-04-01,114866.2,24471.4,0.6799999999999999,60.6726,0.9800000000000001,0.22799999999999998,12.74,0.966,-0.08,824.2940000000001,0.0077,6814.6,5765.6,2526.8,0.0,0.0,0.0,0.0,0.0,0.0,1.0,0.0,0.0,0.0,0.0,0.0,0.0,0.0,0.0,0.0,0.0,0.0,0.0,0.0,0.0,0.0
2023-04-08,100867,196972,14,26.52,0.0,0.0,0.0,0.0,0.0,0.0,7078,0,0,0,0,0,0,1887,10921,101204.7,9.266981045691786,2023-04-08,2023-04-08,114866.2,24471.4,0.6799999999999999,60.6726,0.9800000000000001,0.22799999999999998,12.74,0.966,-0.08,824.2940000000001,0.0077,6814.6,5765.6,2526.8,0.0,0.0,0.0,0.0,1.0,0.0,0.0,0.0,0.0,0.0,0.0,0.0,0.0,0.0,0.0,0.0,0.0,0.0,0.0,0.0,0.0,0.0
2023-04-15,81254,168069,16,175.79,0.0,0.0,0.0,0.0,0.0,0.0,33881,0,0,0,0,0,0,1522,7659,73147.79,9.550566653610131,2023-04-15,2023-04-15,114866.2,24471.4,0.6799999999999999,60.6726,0.9800000000000001,0.22799999999999998,12.74,0.966,-0.08,824.2940000000001,0.0077,6814.6,5765.6,2526.8,0.0,0.0,0.0,0.0,0.0,0.0,0.0,0.0,0.0,0.0,0.0,0.0,0.0,0.0,0.0,0.0,0.0,0.0,0.0,0.0,0.0,0.0
2023-04-22,89451,181897,16,184.539996,0.0,0.0,0.0,0.0,0.0,0.0,48552,0,0,0,0,0,0,1513,8233,78809.77,9.572424389651404,2023-04-22,2023-04-22,114866.2,24471.4,0.6799999999999999,60.6726,0.9800000000000001,0.22799999999999998,12.74,0.966,-0.08,824.2940000000001,0.0077,6814.6,5765.6,2526.8,0.0,0.0,0.0,0.0,0.0,0.0,0.0,0.0,0.0,0.0,0.0,0.0,0.0,0.0,0.0,0.0,0.0,0.0,0.0,0.0,0.0,0.0
2023-04-29,104484,249840,14,148.66,0.0,0.0,0.0,0.0,0.0,0.0,70069,0,0,0,0,0,0,1567,7374,77345.79,10.488986981285596,2023-04-29,2023-04-29,114866.2,24471.4,0.6799999999999999,60.6726,0.9800000000000001,0.22799999999999998,12.74,0.966,-0.08,824.2940000000001,0.0077,6814.6,5765.6,2526.8,0.0,0.0,0.0,0.0,0.0,0.0,0.0,0.0,0.0,0.0,0.0,0.0,0.0,0.0,0.0,0.0,0.0,0.0,0.0,0.0,0.0,0.0
2023-05-06,49965,169117,14,46.7,0.0,0.0,0.0,0.0,0.0,0.0,27053,0,0,0,0,0,0,1286,6423,60640.8,9.44119570294255,2023-05-06,2023-05-06,153984.75,32166.75,0.9,76.03175,1.0,0.2925,14.75,1.265,-0.025,1036.5425,0.0015,9097.0,7730.75,3517.75,0.0,0.0,0.0,0.0,0.0,0.0,0.0,0.0,0.0,0.0,0.0,0.0,0.0,0.0,0.0,0.0,0.0,0.0,0.0,0.0,0.0,0.0
2023-05-13,65189,181553,14,0.0,0.0,0.0,0.0,0.0,0.0,0.0,0,0,0,0,0,0,0,1066,5261,48976.89,9.309425964645504,2023-05-13,2023-05-13,153984.75,32166.75,0.9,76.03175,1.0,0.2925,14.75,1.265,-0.025,1036.5425,0.0015,9097.0,7730.75,3517.75,0.0,0.0,0.0,0.0,0.0,0.0,0.0,0.0,0.0,0.0,0.0,0.0,0.0,1.0,0.0,0.0,0.0,0.0,0.0,0.0,0.0,0.0
2023-05-20,54411,147185,14,0.0,0.0,0.0,0.0,0.0,0.0,0.0,0,0,0,0,0,0,0,1137,6577,57354.78,8.720507830317773,2023-05-20,2023-05-20,153984.75,32166.75,0.9,76.03175,1.0,0.2925,14.75,1.265,-0.025,1036.5425,0.0015,9097.0,7730.75,3517.75,0.0,0.0,0.0,0.0,0.0,0.0,0.0,0.0,0.0,0.0,0.0,0.0,0.0,0.0,0.0,0.0,0.0,0.0,0.0,0.0,0.0,0.0
2023-05-27,86654,189682,14,0.0,0.0,0.0,0.0,0.0,0.0,0.0,0,0,0,0,0,0,0,1011,5284,48649.41,9.20692846328539,2023-05-27,2023-05-27,153984.75,32166.75,0.9,76.03175,1.0,0.2925,14.75,1.265,-0.025,1036.5425,0.0015,9097.0,7730.75,3517.75,0.0,0.0,0.0,0.0,0.0,0.0,0.0,0.0,0.0,0.0,0.0,0.0,1.0,0.0,0.0,0.0,0.0,0.0,0.0,0.0,0.0,0.0
2023-06-03,46142,113717,13,0.0,0.0,0.0,0.0,0.0,0.0,0.0,0,0,0,0,0,0,0,1061,5085,51966.16,10.219500491642084,2023-06-03,2023-06-03,149369.0,31466.5,0.9,76.27725,0.75,0.2875,16.05,1.27,0.1,1086.3425,0.012025,8960.25,7586.5,3479.75,0.0,0.0,0.0,0.0,0.0,0.0,0.0,0.0,0.0,0.0,0.0,0.0,0.0,0.0,0.0,0.0,0.0,0.0,0.0,0.0,0.0,0.0
2023-06-10,51939,110473,16,0.0,0.0,0.0,0.0,0.0,0.0,0.0,0,0,0,0,0,0,0,1217,6533,63790.34,9.764325730904638,2023-06-10,2023-06-10,149369.0,31466.5,0.9,76.27725,0.75,0.2875,16.05,1.27,0.1,1086.3425,0.012025,8960.25,7586.5,3479.75,0.0,0.0,0.0,0.0,0.0,0.0,0.0,0.0,0.0,0.0,0.0,0.0,0.0,0.0,0.0,0.0,0.0,0.0,0.0,0.0,0.0,0.0
2023-06-17,71370,139896,15,0.0,0.0,0.0,0.0,0.0,0.0,0.0,0,0,0,0,0,0,0,1228,5606,73193.06,13.05620049946486,2023-06-17,2023-06-17,149369.0,31466.5,0.9,76.27725,0.75,0.2875,16.05,1.27,0.1,1086.3425,0.012025,8960.25,7586.5,3479.75,0.0,0.0,0.0,0.0,0.0,1.0,0.0,0.0,0.0,0.0,1.0,0.0,0.0,0.0,0.0,0.0,0.0,0.0,0.0,0.0,0.0,0.0
2023-06-24,87653,178883,15,0.0,0.0,0.0,0.0,0.0,0.0,0.0,0,0,0,0,0,0,0,2052,10893,87249.82,8.0097144955476,2023-06-24,2023-06-24,149369.0,31466.5,0.9,76.27725,0.75,0.2875,16.05,1.27,0.1,1086.3425,0.012025,8960.25,7586.5,3479.75,0.0,0.0,0.0,0.0,0.0,0.0,0.0,0.0,0.0,0.0,0.0,0.0,0.0,0.0,0.0,0.0,0.0,0.0,0.0,0.0,0.0,0.0
2023-07-01,47639,137080,14,0.0,0.0,0.0,0.0,0.0,0.0,0.0,0,0,0,0,0,0,0,1679,6655,73122.32,10.987576258452291,2023-07-01,2023-07-01,118230.0,25267.4,0.7,61.1382,0.64,0.22400000000000003,14.3,1.024,0.1,901.616,0.0074800000000000005,6821.6,5803.4,2593.2,0.0,0.0,0.0,0.0,0.0,0.0,0.0,0.0,0.0,1.0,0.0,0.0,0.0,0.0,0.0,0.0,0.0,0.0,0.0,0.0,0.0,0.0
2023-07-08,38431,113340,13,0.0,0.0,0.0,0.0,0.0,0.0,0.0,0,0,0,0,0,0,0,1421,7269,69911.27,9.61772871096437,2023-07-08,2023-07-08,118230.0,25267.4,0.7,61.1382,0.64,0.22400000000000003,14.3,1.024,0.1,901.616,0.0074800000000000005,6821.6,5803.4,2593.2,0.0,0.0,0.0,0.0,0.0,0.0,0.0,0.0,0.0,0.0,0.0,0.0,0.0,0.0,0.0,1.0,0.0,0.0,0.0,0.0,0.0,0.0
2023-07-15,45658,120419,14,0.0,0.0,0.0,0.0,0.0,0.0,0.0,0,0,0,0,0,0,0,1192,6308,62231.39,9.865470830691184,2023-07-15,2023-07-15,118230.0,25267.4,0.7,61.1382,0.64,0.22400000000000003,14.3,1.024,0.1,901.616,0.0074800000000000005,6821.6,5803.4,2593.2,0.0,0.0,0.0,0.0,0.0,0.0,0.0,0.0,0.0,0.0,0.0,0.0,0.0,0.0,0.0,0.0,0.0,0.0,0.0,0.0,0.0,0.0
2023-07-22,29014,128668,16,0.0,0.0,0.0,0.0,0.0,0.0,0.0,0,0,0,0,0,0,0,3057,17983,137726.06,7.658680976477784,2023-07-22,2023-07-22,118230.0,25267.4,0.7,61.1382,0.64,0.22400000000000003,14.3,1.024,0.1,901.616,0.0074800000000000005,6821.6,5803.4,2593.2,0.0,0.0,0.0,0.0,0.0,0.0,0.0,0.0,0.0,0.0,0.0,0.0,0.0,0.0,0.0,0.0,0.0,0.0,0.0,0.0,0.0,0.0
2023-07-29,82266,177738,14,0.0,0.0,0.0,0.0,0.0,0.0,0.0,0,0,0,0,0,0,0,3460,19176,163328.17,8.517322173550271,2023-07-29,2023-07-29,118230.0,25267.4,0.7,61.1382,0.64,0.22400000000000003,14.3,1.024,0.1,901.616,0.0074800000000000005,6821.6,5803.4,2593.2,0.0,0.0,0.0,0.0,0.0,0.0,0.0,0.0,0.0,0.0,0.0,0.0,0.0,0.0,0.0,0.0,0.0,0.0,0.0,0.0,0.0,0.0
2023-08-05,57083,133150,12,0.0,0.0,0.0,0.0,0.0,0.0,0.0,0,0,0,0,0,0,0,1353,6388,62882.31,9.843818096430809,2023-08-05,2023-08-05,153377.75,32927.75,0.925,76.7565,0.925,0.285,17.35,1.3325,0.125,1106.56,-0.004525,9141.5,7771.75,3238.25,0.0,0.0,0.0,0.0,0.0,0.0,0.0,0.0,0.0,0.0,0.0,0.0,0.0,0.0,0.0,0.0,0.0,0.0,0.0,0.0,0.0,0.0
2023-08-12,36814,119510,13,0.0,0.0,0.0,0.0,0.0,0.0,0.0,0,0,0,0,0,0,0,1893,9427,92865.14,9.850974859446271,2023-08-12,2023-08-12,153377.75,32927.75,0.925,76.7565,0.925,0.285,17.35,1.3325,0.125,1106.56,-0.004525,9141.5,7771.75,3238.25,0.0,0.0,0.0,0.0,0.0,0.0,0.0,0.0,0.0,0.0,0.0,0.0,0.0,0.0,0.0,0.0,0.0,0.0,0.0,0.0,0.0,0.0
2023-08-19,42352,114914,14,0.0,0.0,0.0,0.0,0.0,0.0,0.0,0,0,0,0,0,0,0,1391,6810,67146.16,9.859935389133629,2023-08-19,2023-08-19,153377.75,32927.75,0.925,76.7565,0.925,0.285,17.35,1.3325,0.125,1106.56,-0.004525,9141.5,7771.75,3238.25,0.0,0.0,0.0,0.0,0.0,0.0,0.0,0.0,0.0,0.0,0.0,0.0,0.0,0.0,0.0,0.0,0.0,0.0,0.0,0.0,0.0,0.0
2023-08-26,40407,121399,13,0.0,0.0,0.0,0.0,0.0,0.0,0.0,0,0,0,0,0,0,0,2672,14188,135492.17,9.549772342824925,2023-08-26,2023-08-26,153377.75,32927.75,0.925,76.7565,0.925,0.285,17.35,1.3325,0.125,1106.56,-0.004525,9141.5,7771.75,3238.25,0.0,0.0,0.0,0.0,0.0,0.0,0.0,0.0,0.0,0.0,0.0,0.0,0.0,0.0,0.0,0.0,0.0,0.0,0.0,0.0,0.0,0.0
2023-09-02,51724,106023,13,0.0,0.0,0.0,0.0,0.0,0.0,0.0,0,0,0,0,0,0,0,2309,11276,110830.75,9.828906527137285,2023-09-02,2023-09-02,115861.2,24433.8,0.76,61.5578,0.74,0.23199999999999998,13.559999999999999,1.066,0.13999999999999999,881.82,-0.00078,7094.2,6034.0,2601.8,0.0,0.0,0.0,0.0,0.0,0.0,0.0,0.0,0.0,0.0,0.0,1.0,0.0,0.0,0.0,0.0,0.0,0.0,0.0,0.0,0.0,0.0
2023-09-09,57424,121170,13,0.0,0.0,0.0,0.0,0.0,0.0,0.0,0,0,0,0,0,0,0,1419,7473,76920.46,10.29311655292386,2023-09-09,2023-09-09,115861.2,24433.8,0.76,61.5578,0.74,0.23199999999999998,13.559999999999999,1.066,0.13999999999999999,881.82,-0.00078,7094.2,6034.0,2601.8,0.0,0.0,0.0,0.0,0.0,0.0,0.0,0.0,0.0,0.0,0.0,0.0,0.0,0.0,0.0,0.0,0.0,0.0,0.0,0.0,0.0,0.0
2023-09-16,46484,113582,14,0.0,0.0,0.0,0.0,0.0,0.0,0.0,0,0,0,0,0,0,0,2956,15090,159596.34,10.576298210735589,2023-09-16,2023-09-16,115861.2,24433.8,0.76,61.5578,0.74,0.23199999999999998,13.559999999999999,1.066,0.13999999999999999,881.82,-0.00078,7094.2,6034.0,2601.8,0.0,0.0,0.0,0.0,0.0,0.0,0.0,0.0,0.0,0.0,0.0,0.0,0.0,0.0,0.0,0.0,0.0,0.0,0.0,0.0,0.0,0.0
2023-09-23,69575,195990,14,0.0,0.0,0.0,0.0,0.0,0.0,0.0,0,0,0,0,0,0,0,2709,13061,133883.36,10.250620932547276,2023-09-23,2023-09-23,115861.2,24433.8,0.76,61.5578,0.74,0.23199999999999998,13.559999999999999,1.066,0.13999999999999999,881.82,-0.00078,7094.2,6034.0,2601.8,0.0,0.0,0.0,0.0,0.0,0.0,0.0,0.0,0.0,0.0,0.0,0.0,0.0,0.0,0.0,0.0,0.0,0.0,0.0,0.0,0.0,0.0
2023-09-30,60432,176800,14,0.0,0.0,0.0,0.0,0.0,0.0,0.0,0,0,0,0,0,0,0,2962,12696,141531.22,11.14770163831128,2023-09-30,2023-09-30,115861.2,24433.8,0.76,61.5578,0.74,0.23199999999999998,13.559999999999999,1.066,0.13999999999999999,881.82,-0.00078,7094.2,6034.0,2601.8,0.0,0.0,0.0,0.0,0.0,0.0,0.0,0.0,0.0,0.0,0.0,0.0,0.0,0.0,0.0,0.0,0.0,0.0,0.0,0.0,0.0,0.0
2023-10-07,56567,168174,13,0.0,0.0,0.0,0.0,0.0,0.0,0.0,0,0,0,0,0,0,0,1679,7919,84041.5,10.612640484909711,2023-10-07,2023-10-07,148566.5,31336.0,0.975,76.91775,0.8,0.2775,15.95,1.3325,0.125,1064.745,-0.008525,9501.75,8250.5,3463.25,0.0,0.0,1.0,0.0,0.0,0.0,0.0,0.0,0.0,0.0,0.0,0.0,0.0,0.0,0.0,0.0,0.0,0.0,0.0,0.0,0.0,0.0
2023-10-14,62967,145754,14,0.0,0.0,0.0,0.0,0.0,0.0,0.0,0,0,0,0,0,0,0,2306,12759,117330.27,9.19588290618387,2023-10-14,2023-10-14,148566.5,31336.0,0.975,76.91775,0.8,0.2775,15.95,1.3325,0.125,1064.745,-0.008525,9501.75,8250.5,3463.25,0.0,0.0,0.0,0.0,0.0,0.0,0.0,0.0,0.0,0.0,0.0,0.0,0.0,0.0,0.0,0.0,0.0,0.0,0.0,0.0,0.0,0.0
2023-10-21,79013,187389,13,0.0,0.0,0.0,0.0,0.0,0.0,0.0,0,0,0,0,0,0,0,2780,15731,138183.26,8.784137054224145,2023-10-21,2023-10-21,148566.5,31336.0,0.975,76.91775,0.8,0.2775,15.95,1.3325,0.125,1064.745,-0.008525,9501.75,8250.5,3463.25,0.0,0.0,0.0,0.0,0.0,0.0,0.0,0.0,0.0,0.0,0.0,0.0,0.0,0.0,0.0,0.0,0.0,0.0,0.0,0.0,0.0,0.0
2023-10-28,61660,175757,13,0.0,0.0,0.0,0.0,0.0,0.0,0.0,0,0,0,0,0,0,0,2712,14302,130583.12,9.13040973290449,2023-10-28,2023-10-28,148566.5,31336.0,0.975,76.91775,0.8,0.2775,15.95,1.3325,0.125,1064.745,-0.008525,9501.75,8250.5,3463.25,0.0,0.0,0.0,0.0,0.0,0.0,0.0,1.0,0.0,0.0,0.0,0.0,0.0,0.0,0.0,0.0,0.0,0.0,0.0,0.0,0.0,0.0
2023-11-04,66770,187203,13,0.0,0.0,0.0,0.0,0.0,0.0,0.0,0,0,0,0,0,0,0,2417,12014,117152.48,9.75133011486599,2023-11-04,2023-11-04,152106.5,34155.25,0.925,76.76275,0.775,0.2725,15.325,1.3325,0.225,1115.015,0.0118,9157.5,7804.75,3278.25,0.0,0.0,0.0,0.0,0.0,0.0,0.0,0.0,0.0,0.0,0.0,0.0,0.0,0.0,0.0,0.0,0.0,0.0,0.0,0.0,0.0,0.0
2023-11-11,56528,157753,13,0.0,0.0,0.0,0.0,0.0,0.0,0.0,0,0,0,0,0,0,0,2577,13290,125869.25,9.470974416854778,2023-11-11,2023-11-11,152106.5,34155.25,0.925,76.76275,0.775,0.2725,15.325,1.3325,0.225,1115.015,0.0118,9157.5,7804.75,3278.25,0.0,0.0,0.0,0.0,0.0,0.0,0.0,0.0,0.0,0.0,0.0,0.0,0.0,0.0,0.0,0.0,0.0,0.0,0.0,0.0,1.0,0.0
2023-11-18,79219,173873,14,0.0,0.0,0.0,0.0,0.0,0.0,0.0,0,0,0,0,0,0,0,4261,26403,201884.67,7.646277695716396,2023-11-18,2023-11-18,152106.5,34155.25,0.925,76.76275,0.775,0.2725,15.325,1.3325,0.225,1115.015,0.0118,9157.5,7804.75,3278.25,1.0,0.0,0.0,0.0,0.0,0.0,0.0,0.0,0.0,0.0,0.0,0.0,0.0,0.0,0.0,0.0,0.0,1.0,0.0,0.0,0.0,0.0
2023-11-25,144295,236038,13,0.0,0.0,0.0,0.0,0.0,0.0,0.0,0,0,0,0,0,0,0,4342,25236,201306.77,7.97696822000317,2023-11-25,2023-11-25,152106.5,34155.25,0.925,76.76275,0.775,0.2725,15.325,1.3325,0.225,1115.015,0.0118,9157.5,7804.75,3278.25,0.0,0.0,0.0,1.0,0.0,0.0,0.0,0.0,0.0,0.0,0.0,0.0,0.0,0.0,0.0,0.0,1.0,0.0,0.0,0.0,0.0,0.0
2023-12-02,61154,175741,13,0.0,0.0,0.0,0.0,0.0,0.0,0.0,0,0,0,0,0,0,0,2190,10528,100837.68,9.578047112462006,2023-12-02,2023-12-02,131448.6,33407.2,0.76,61.349199999999996,0.6799999999999999,0.21600000000000003,13.940000000000001,1.066,0.22000000000000003,937.01,0.010100000000000001,7995.2,6583.6,2744.8,0.0,0.0,0.0,0.0,0.0,0.0,0.0,0.0,1.0,0.0,0.0,0.0,0.0,0.0,0.0,0.0,0.0,0.0,0.0,0.0,0.0,0.0
2023-12-09,46756,149682,14,0.0,0.0,0.0,0.0,0.0,0.0,0.0,0,0,0,0,0,0,0,2118,11162,102590.68,9.1910661171833,2023-12-09,2023-12-09,131448.6,33407.2,0.76,61.349199999999996,0.6799999999999999,0.21600000000000003,13.940000000000001,1.066,0.22000000000000003,937.01,0.010100000000000001,7995.2,6583.6,2744.8,0.0,0.0,0.0,0.0,0.0,0.0,0.0,0.0,0.0,0.0,0.0,0.0,0.0,0.0,0.0,0.0,0.0,0.0,1.0,0.0,0.0,0.0
2023-12-16,51937,133280,14,0.0,0.0,0.0,0.0,0.0,0.0,0.0,0,0,0,0,0,0,0,1628,8707,84703.36,9.728191110600664,2023-12-16,2023-12-16,131448.6,33407.2,0.76,61.349199999999996,0.6799999999999999,0.21600000000000003,13.940000000000001,1.066,0.22000000000000003,937.01,0.010100000000000001,7995.2,6583.6,2744.8,0.0,0.0,0.0,0.0,0.0,0.0,0.0,0.0,0.0,0.0,0.0,0.0,0.0,0.0,0.0,0.0,0.0,0.0,0.0,0.0,0.0,1.0
2023-12-23,43565,118780,15,0.0,0.0,0.0,0.0,0.0,0.0,0.0,0,0,0,0,0,0,0,1986,10891,96966.15,8.90332843632357,2023-12-23,2023-12-23,131448.6,33407.2,0.76,61.349199999999996,0.6799999999999999,0.21600000000000003,13.940000000000001,1.066,0.22000000000000003,937.01,0.010100000000000001,7995.2,6583.6,2744.8,0.0,1.0,0.0,0.0,0.0,0.0,0.0,0.0,0.0,0.0,0.0,0.0,0.0,0.0,0.0,0.0,0.0,0.0,0.0,0.0,0.0,0.0
2023-12-30,145376,199856,14,0.0,0.0,0.0,0.0,0.0,0.0,0.0,0,0,0,0,0,0,0,2446,11733,115001.77,9.801565669479247,2023-12-30,2023-12-30,131448.6,33407.2,0.76,61.349199999999996,0.6799999999999999,0.21600000000000003,13.940000000000001,1.066,0.22000000000000003,937.01,0.010100000000000001,7995.2,6583.6,2744.8,0.0,0.0,0.0,0.0,0.0,0.0,0.0,0.0,0.0,0.0,0.0,0.0,0.0,0.0,0.0,0.0,0.0,0.0,0.0,0.0,0.0,0.0
2024-01-06,55113,135029,12,0.0,0.0,0.0,0.0,0.0,0.0,0.0,0,0,0,0,0,0,0,2005,9707,93484.48,9.630625321932625,2024-01-06,2024-01-06,134958.5,27520.75,0.925,77.10425,0.775,0.26,19.75,1.3325,0.175,1201.1225,0.006375,8956.75,7744.75,2914.5,0.0,0.0,0.0,0.0,0.0,0.0,0.0,0.0,0.0,0.0,0.0,0.0,0.0,0.0,0.0,0.0,0.0,0.0,0.0,0.0,0.0,0.0
2024-01-13,73770,135013,10,0.0,0.0,0.0,0.0,0.0,0.0,0.0,0,0,0,0,0,0,0,1966,8865,92602.46,10.44584997179921,2024-01-13,2024-01-13,134958.5,27520.75,0.925,77.10425,0.775,0.26,19.75,1.3325,0.175,1201.1225,0.006375,8956.75,7744.75,2914.5,0.0,0.0,0.0,0.0,0.0,0.0,0.0,0.0,0.0,0.0,0.0,0.0,0.0,0.0,0.0,0.0,0.0,0.0,0.0,0.0,0.0,0.0
2024-01-20,55021,137741,12,0.0,0.0,0.0,0.0,0.0,0.0,0.0,0,0,0,0,0,0,0,2308,10658,109338.19,10.258790579846126,2024-01-20,2024-01-20,134958.5,27520.75,0.925,77.10425,0.775,0.26,19.75,1.3325,0.175,1201.1225,0.006375,8956.75,7744.75,2914.5,0.0,0.0,0.0,0.0,0.0,0.0,0.0,0.0,0.0,0.0,0.0,0.0,0.0,0.0,0.0,0.0,0.0,0.0,0.0,0.0,0.0,0.0
2024-01-27,92308,137900,11,0.0,0.0,0.0,0.0,0.0,0.0,0.0,0,0,0,0,0,0,0,2519,11992,124780.48,10.405310206804536,2024-01-27,2024-01-27,134958.5,27520.75,0.925,77.10425,0.775,0.26,19.75,1.3325,0.175,1201.1225,0.006375,8956.75,7744.75,2914.5,0.0,0.0,0.0,0.0,0.0,0.0,0.0,0.0,0.0,0.0,0.0,0.0,0.0,0.0,0.0,0.0,0.0,0.0,0.0,0.0,0.0,0.0
2024-02-03,64467,97354,10,0.0,0.0,0.0,0.0,0.0,0.0,0.0,0,0,0,0,0,0,0,2088,8906,92696.1,10.408275320008984,2024-02-03,2024-02-03,136042.25,28496.0,0.975,77.5815,0.8,0.28,19.225,1.3325,0.175,1252.99,0.0108,8530.0,7237.0,2989.75,0.0,0.0,0.0,0.0,0.0,0.0,0.0,0.0,0.0,0.0,0.0,0.0,0.0,0.0,0.0,0.0,0.0,0.0,0.0,0.0,0.0,0.0
2024-02-10,48823,79188,10,0.0,0.0,0.0,0.0,0.0,0.0,0.0,0,0,0,0,0,0,0,1602,7853,77860.65,9.91476505793964,2024-02-10,2024-02-10,136042.25,28496.0,0.975,77.5815,0.8,0.28,19.225,1.3325,0.175,1252.99,0.0108,8530.0,7237.0,2989.75,0.0,0.0,0.0,0.0,0.0,0.0,0.0,0.0,0.0,0.0,0.0,0.0,0.0,0.0,0.0,0.0,0.0,0.0,0.0,1.0,0.0,0.0
2024-02-17,51360,104747,11,0.0,0.0,0.0,0.0,0.0,0.0,0.0,0,0,0,0,0,0,0,2279,11717,105607.27,9.0131663395067,2024-02-17,2024-02-17,136042.25,28496.0,0.975,77.5815,0.8,0.28,19.225,1.3325,0.175,1252.99,0.0108,8530.0,7237.0,2989.75,0.0,0.0,0.0,0.0,0.0,0.0,0.0,0.0,0.0,0.0,0.0,0.0,0.0,0.0,1.0,0.0,0.0,0.0,0.0,0.0,0.0,0.0
2024-02-24,86113,144933,10,0.0,0.0,0.0,0.0,0.0,0.0,0.0,0,0,0,0,0,0,0,2625,15111,127916.94,8.465153861425453,2024-02-24,2024-02-24,136042.25,28496.0,0.975,77.5815,0.8,0.28,19.225,1.3325,0.175,1252.99,0.0108,8530.0,7237.0,2989.75,0.0,0.0,0.0,0.0,0.0,0.0,0.0,0.0,0.0,0.0,0.0,0.0,0.0,0.0,0.0,0.0,0.0,0.0,0.0,0.0,0.0,0.0
2024-03-02,61882,118316,10,0.0,0.0,0.0,0.0,0.0,0.0,0.0,0,0,0,0,0,0,0,2092,8647,101530.21,11.741668786862496,2024-03-02,2024-03-02,119539.0,25398.6,0.78,62.4664,0.7,0.22200000000000003,15.88,1.066,0.16,1034.114,0.00634,7132.0,5990.0,2665.0,0.0,0.0,0.0,0.0,0.0,0.0,0.0,0.0,0.0,0.0,0.0,0.0,0.0,0.0,0.0,0.0,0.0,0.0,0.0,0.0,0.0,0.0
2024-03-09,45251,103139,11,0.0,0.0,0.0,0.0,0.0,0.0,0.0,0,0,0,0,0,0,0,2015,10295,102375.39,9.944185526954833,2024-03-09,2024-03-09,119539.0,25398.6,0.78,62.4664,0.7,0.22200000000000003,15.88,1.066,0.16,1034.114,0.00634,7132.0,5990.0,2665.0,0.0,0.0,0.0,0.0,0.0,0.0,0.0,0.0,0.0,0.0,0.0,0.0,0.0,0.0,0.0,0.0,0.0,0.0,0.0,0.0,0.0,0.0
2024-03-16,69611,134642,10,0.0,0.0,0.0,0.0,0.0,0.0,0.0,0,0,0,0,0,0,0,1922,9002,95372.41,10.594580093312596,2024-03-16,2024-03-16,119539.0,25398.6,0.78,62.4664,0.7,0.22200000000000003,15.88,1.066,0.16,1034.114,0.00634,7132.0,5990.0,2665.0,0.0,0.0,0.0,0.0,0.0,0.0,0.0,0.0,0.0,0.0,0.0,0.0,0.0,0.0,0.0,0.0,0.0,0.0,0.0,0.0,0.0,0.0
2024-03-23,17520,100285,10,0.0,0.0,0.0,0.0,0.0,0.0,0.0,0,0,0,0,0,0,0,1838,9064,89868.41,9.914873124448368,2024-03-23,2024-03-23,119539.0,25398.6,0.78,62.4664,0.7,0.22200000000000003,15.88,1.066,0.16,1034.114,0.00634,7132.0,5990.0,2665.0,0.0,0.0,0.0,0.0,0.0,0.0,1.0,0.0,0.0,0.0,0.0,0.0,0.0,0.0,0.0,0.0,0.0,0.0,0.0,0.0,0.0,0.0
2024-03-30,16846,111157,10,0.0,0.0,0.0,0.0,0.0,0.0,0.0,0,0,0,0,0,0,0,1710,8717,86187.15,9.887249053573475,2024-03-30,2024-03-30,119539.0,25398.6,0.78,62.4664,0.7,0.22200000000000003,15.88,1.066,0.16,1034.114,0.00634,7132.0,5990.0,2665.0,0.0,0.0,0.0,0.0,1.0,0.0,0.0,0.0,0.0,0.0,0.0,0.0,0.0,0.0,0.0,0.0,0.0,0.0,0.0,0.0,0.0,0.0
2024-04-06,9646,100867,10,0.0,0.0,0.0,0.0,0.0,0.0,0.0,0,0,0,0,0,0,0,1161,5652,58042.85,10.2694355980184,2024-04-06,2024-04-06,148443.5,29953.75,0.975,78.387,0.85,0.275,19.3,1.3325,0.075,1273.865,-0.003625,8837.25,7533.75,3421.0,0.0,0.0,0.0,0.0,0.0,0.0,0.0,0.0,0.0,0.0,0.0,0.0,0.0,0.0,0.0,0.0,0.0,0.0,0.0,0.0,0.0,0.0
2024-04-13,9481,95717,10,0.0,0.0,0.0,0.0,0.0,0.0,0.0,0,0,0,0,0,0,0,1178,5507,58754.67,10.669088432903576,2024-04-13,2024-04-13,148443.5,29953.75,0.975,78.387,0.85,0.275,19.3,1.3325,0.075,1273.865,-0.003625,8837.25,7533.75,3421.0,0.0,0.0,0.0,0.0,0.0,0.0,0.0,0.0,0.0,0.0,0.0,0.0,0.0,0.0,0.0,0.0,0.0,0.0,0.0,0.0,0.0,0.0
2024-04-20,21847,103245,10,0.0,0.0,0.0,0.0,0.0,0.0,0.0,0,0,0,0,0,0,0,1218,6209,61117.6,9.843388629408922,2024-04-20,2024-04-20,148443.5,29953.75,0.975,78.387,0.85,0.275,19.3,1.3325,0.075,1273.865,-0.003625,8837.25,7533.75,3421.0,0.0,0.0,0.0,0.0,0.0,0.0,0.0,0.0,0.0,0.0,0.0,0.0,0.0,0.0,0.0,0.0,0.0,0.0,0.0,0.0,0.0,0.0
2024-04-27,29101,104039,10,0.0,0.0,0.0,0.0,0.0,0.0,0.0,0,0,0,0,0,0,0,1712,9239,90829.58,9.831105097954325,2024-04-27,2024-04-27,148443.5,29953.75,0.975,78.387,0.85,0.275,19.3,1.3325,0.075,1273.865,-0.003625,8837.25,7533.75,3421.0,0.0,0.0,0.0,0.0,0.0,0.0,0.0,0.0,0.0,0.0,0.0,0.0,0.0,0.0,0.0,0.0,0.0,0.0,0.0,0.0,0.0,0.0
2024-05-04,54481,110790,10,0.0,0.0,0.0,0.0,0.0,0.0,0.0,0,0,0,0,0,0,0,1149,5762,58883.95,10.219359597362027,2024-05-04,2024-05-04,157958.0,33127.75,1.0,78.51725,0.825,0.275,17.275,1.3325,0.025,1308.8075,0.00685,9169.0,7794.25,3696.75,0.0,0.0,0.0,0.0,0.0,0.0,0.0,0.0,0.0,0.0,0.0,0.0,0.0,0.0,0.0,0.0,0.0,0.0,0.0,0.0,0.0,0.0
2024-05-11,28673,90799,9,0.0,0.0,0.0,0.0,0.0,0.0,0.0,0,0,0,0,0,0,0,1219,6390,57875.94,9.057267605633804,2024-05-11,2024-05-11,157958.0,33127.75,1.0,78.51725,0.825,0.275,17.275,1.3325,0.025,1308.8075,0.00685,9169.0,7794.25,3696.75,0.0,0.0,0.0,0.0,0.0,0.0,0.0,0.0,0.0,0.0,0.0,0.0,0.0,1.0,0.0,0.0,0.0,0.0,0.0,0.0,0.0,0.0
2024-05-18,36592,100200,9,0.0,0.0,0.0,0.0,0.0,0.0,0.0,0,0,0,0,0,0,0,1230,6430,65844.2,10.240155520995334,2024-05-18,2024-05-18,157958.0,33127.75,1.0,78.51725,0.825,0.275,17.275,1.3325,0.025,1308.8075,0.00685,9169.0,7794.25,3696.75,0.0,0.0,0.0,0.0,0.0,0.0,0.0,0.0,0.0,0.0,0.0,0.0,0.0,0.0,0.0,0.0,0.0,0.0,0.0,0.0,0.0,0.0
2024-05-25,37914,95433,9,0.0,0.0,0.0,0.0,0.0,0.0,0.0,0,0,0,0,0,0,0,1240,6472,65291.6,10.08831891223733,2024-05-25,2024-05-25,157958.0,33127.75,1.0,78.51725,0.825,0.275,17.275,1.3325,0.025,1308.8075,0.00685,9169.0,7794.25,3696.75,0.0,0.0,0.0,0.0,0.0,0.0,0.0,0.0,0.0,0.0,0.0,0.0,1.0,0.0,0.0,0.0,0.0,0.0,0.0,0.0,0.0,0.0
2024-06-01,50830,101499,10,0.0,0.0,0.0,0.0,0.0,0.0,0.0,0,0,0,0,0,0,0,1125,5303,56593.38,10.671955496888554,2024-06-01,2024-06-01,118599.8,25430.4,0.82,62.835,0.6,0.21600000000000003,13.64,1.066,-0.04,1083.028,0.00686,7016.8,5921.0,2803.8,0.0,0.0,0.0,0.0,0.0,0.0,0.0,0.0,0.0,0.0,0.0,0.0,0.0,0.0,0.0,0.0,0.0,0.0,0.0,0.0,0.0,0.0
2024-06-08,31831,94553,10,0.0,0.0,0.0,0.0,0.0,0.0,0.0,0,0,0,0,0,0,0,1144,5854,58757.57,10.037166040314316,2024-06-08,2024-06-08,118599.8,25430.4,0.82,62.835,0.6,0.21600000000000003,13.64,1.066,-0.04,1083.028,0.00686,7016.8,5921.0,2803.8,0.0,0.0,0.0,0.0,0.0,0.0,0.0,0.0,0.0,0.0,0.0,0.0,0.0,0.0,0.0,0.0,0.0,0.0,0.0,0.0,0.0,0.0
2024-06-15,48184,106996,10,0.0,0.0,0.0,0.0,0.0,0.0,0.0,0,0,0,0,0,0,0,1108,5573,56766.77,10.18603445182128,2024-06-15,2024-06-15,118599.8,25430.4,0.82,62.835,0.6,0.21600000000000003,13.64,1.066,-0.04,1083.028,0.00686,7016.8,5921.0,2803.8,0.0,0.0,0.0,0.0,0.0,1.0,0.0,0.0,0.0,0.0,1.0,0.0,0.0,0.0,0.0,0.0,0.0,0.0,0.0,0.0,0.0,0.0
2024-06-22,53225,109159,10,0.0,0.0,0.0,0.0,0.0,0.0,0.0,0,0,0,0,0,0,0,1376,7206,69997.27,9.713748265334443,2024-06-22,2024-06-22,118599.8,25430.4,0.82,62.835,0.6,0.21600000000000003,13.64,1.066,-0.04,1083.028,0.00686,7016.8,5921.0,2803.8,0.0,0.0,0.0,0.0,0.0,0.0,0.0,0.0,0.0,0.0,0.0,0.0,0.0,0.0,0.0,0.0,0.0,0.0,0.0,0.0,0.0,0.0
2024-06-29,41560,106914,9,0.0,0.0,0.0,0.0,0.0,0.0,0.0,0,0,0,0,0,0,0,1507,7368,79403.02,10.776739956568948,2024-06-29,2024-06-29,118599.8,25430.4,0.82,62.835,0.6,0.21600000000000003,13.64,1.066,-0.04,1083.028,0.00686,7016.8,5921.0,2803.8,0.0,0.0,0.0,0.0,0.0,0.0,0.0,0.0,0.0,1.0,0.0,0.0,0.0,0.0,0.0,0.0,0.0,0.0,0.0,0.0,0.0,0.0
2024-07-06,58325,104048,9,0.0,0.0,0.0,0.0,0.0,0.0,0.0,0,0,0,0,0,0,0,1005,6200,66537.82,10.731906451612904,2024-07-06,2024-07-06,154608.0,31968.0,1.05,78.635,0.725,0.2775,16.6,1.3325,-0.175,1384.5,0.005675,9327.5,8040.75,3446.25,0.0,0.0,0.0,0.0,0.0,0.0,0.0,0.0,0.0,0.0,0.0,0.0,0.0,0.0,0.0,0.0,0.0,0.0,0.0,0.0,0.0,0.0
2024-07-13,27147,93278,9,0.0,0.0,0.0,0.0,0.0,0.0,0.0,0,0,0,0,0,0,0,925,5719,59500.23,10.403956985486976,2024-07-13,2024-07-13,154608.0,31968.0,1.05,78.635,0.725,0.2775,16.6,1.3325,-0.175,1384.5,0.005675,9327.5,8040.75,3446.25,0.0,0.0,0.0,0.0,0.0,0.0,0.0,0.0,0.0,0.0,0.0,0.0,0.0,0.0,0.0,1.0,0.0,0.0,0.0,0.0,0.0,0.0
2024-07-20,28712,81562,9,0.0,0.0,0.0,0.0,0.0,0.0,0.0,0,0,0,0,0,0,0,980,5491,56640.03,10.315066472409397,2024-07-20,2024-07-20,154608.0,31968.0,1.05,78.635,0.725,0.2775,16.6,1.3325,-0.175,1384.5,0.005675,9327.5,8040.75,3446.25,0.0,0.0,0.0,0.0,0.0,0.0,0.0,0.0,0.0,0.0,0.0,0.0,0.0,0.0,0.0,0.0,0.0,0.0,0.0,0.0,0.0,0.0
2024-07-27,51672,92851,9,0.0,0.0,0.0,0.0,0.0,0.0,0.0,0,0,0,0,0,0,0,1216,6756,70495.73,10.434536708111308,2024-07-27,2024-07-27,154608.0,31968.0,1.05,78.635,0.725,0.2775,16.6,1.3325,-0.175,1384.5,0.005675,9327.5,8040.75,3446.25,0.0,0.0,0.0,0.0,0.0,0.0,0.0,0.0,0.0,0.0,0.0,0.0,0.0,0.0,0.0,0.0,0.0,0.0,0.0,0.0,0.0,0.0
2024-08-03,38166,97381,9,0.0,0.0,0.0,0.0,0.0,0.0,0.0,0,0,0,0,0,0,0,1354,6380,66907.65,10.487092476489028,2024-08-03,2024-08-03,124484.2,26939.0,0.8400000000000001,62.959199999999996,0.5,0.22400000000000003,13.580000000000002,1.066,-0.13999999999999999,1095.642,-0.00216,7603.4,6481.0,2815.4,0.0,0.0,0.0,0.0,0.0,0.0,0.0,0.0,0.0,0.0,0.0,0.0,0.0,0.0,0.0,0.0,0.0,0.0,0.0,0.0,0.0,0.0
2024-08-10,28198,76521,10,0.0,0.0,0.0,0.0,0.0,0.0,0.0,0,0,0,0,0,0,0,1177,7141,65955.5,9.236171404565187,2024-08-10,2024-08-10,124484.2,26939.0,0.8400000000000001,62.959199999999996,0.5,0.22400000000000003,13.580000000000002,1.066,-0.13999999999999999,1095.642,-0.00216,7603.4,6481.0,2815.4,0.0,0.0,0.0,0.0,0.0,0.0,0.0,0.0,0.0,0.0,0.0,0.0,0.0,0.0,0.0,0.0,0.0,0.0,0.0,0.0,0.0,0.0
2024-08-17,37778,94634,9,0.0,0.0,0.0,0.0,0.0,0.0,0.0,0,0,0,0,0,0,0,1726,10805,87610.79,8.10835631652013,2024-08-17,2024-08-17,124484.2,26939.0,0.8400000000000001,62.959199999999996,0.5,0.22400000000000003,13.580000000000002,1.066,-0.13999999999999999,1095.642,-0.00216,7603.4,6481.0,2815.4,0.0,0.0,0.0,0.0,0.0,0.0,0.0,0.0,0.0,0.0,0.0,0.0,0.0,0.0,0.0,0.0,0.0,0.0,0.0,0.0,0.0,0.0
2024-08-24,40594,95230,9,0.0,0.0,0.0,0.0,0.0,0.0,0.0,0,0,0,0,0,0,0,1448,8677,79575.83,9.170892013368675,2024-08-24,2024-08-24,124484.2,26939.0,0.8400000000000001,62.959199999999996,0.5,0.22400000000000003,13.580000000000002,1.066,-0.13999999999999999,1095.642,-0.00216,7603.4,6481.0,2815.4,0.0,0.0,0.0,0.0,0.0,0.0,0.0,0.0,0.0,0.0,0.0,0.0,0.0,0.0,0.0,0.0,0.0,0.0,0.0,0.0,0.0,0.0
2024-08-31,49183,105434,10,0.0,0.0,0.0,0.0,0.0,0.0,0.0,0,0,0,0,0,0,0,1796,10270,94438.01,9.195521908471274,2024-08-31,2024-08-31,124484.2,26939.0,0.8400000000000001,62.959199999999996,0.5,0.22400000000000003,13.580000000000002,1.066,-0.13999999999999999,1095.642,-0.00216,7603.4,6481.0,2815.4,0.0,0.0,0.0,0.0,0.0,0.0,0.0,0.0,0.0,0.0,0.0,1.0,0.0,0.0,0.0,0.0,0.0,0.0,0.0,0.0,0.0,0.0
2024-09-07,23484,94439,9,0.0,0.0,0.0,0.0,0.0,0.0,0.0,0,0,0,0,0,0,0,1014,5031,55379.93,11.007738024249653,2024-09-07,2024-09-07,144770.75,30321.0,1.025,78.82525,0.6,0.275,17.525,1.2825,-0.15,1405.315,0.00655,9427.0,8122.0,3418.0,0.0,0.0,0.0,0.0,0.0,0.0,0.0,0.0,0.0,0.0,0.0,0.0,0.0,0.0,0.0,0.0,0.0,0.0,0.0,0.0,0.0,0.0
2024-09-14,37606,129820,9,0.0,0.0,0.0,0.0,0.0,0.0,0.0,0,0,0,0,0,0,0,1809,10149,97773.34,9.63379052123362,2024-09-14,2024-09-14,144770.75,30321.0,1.025,78.82525,0.6,0.275,17.525,1.2825,-0.15,1405.315,0.00655,9427.0,8122.0,3418.0,0.0,0.0,0.0,0.0,0.0,0.0,0.0,0.0,0.0,0.0,0.0,0.0,0.0,0.0,0.0,0.0,0.0,0.0,0.0,0.0,0.0,0.0
2024-09-21,14031,112070,10,0.0,0.0,0.0,0.0,0.0,0.0,0.0,0,0,0,0,0,0,0,1367,8274,75035.7,9.068854242204496,2024-09-21,2024-09-21,144770.75,30321.0,1.025,78.82525,0.6,0.275,17.525,1.2825,-0.15,1405.315,0.00655,9427.0,8122.0,3418.0,0.0,0.0,0.0,0.0,0.0,0.0,0.0,0.0,0.0,0.0,0.0,0.0,0.0,0.0,0.0,0.0,0.0,0.0,0.0,0.0,0.0,0.0
2024-09-28,16214,108331,10,0.0,0.0,0.0,0.0,0.0,0.0,0.0,0,0,0,0,0,0,0,1545,8315,81547.42,9.807266386049308,2024-09-28,2024-09-28,144770.75,30321.0,1.025,78.82525,0.6,0.275,17.525,1.2825,-0.15,1405.315,0.00655,9427.0,8122.0,3418.0,0.0,0.0,0.0,0.0,0.0,0.0,0.0,0.0,0.0,0.0,0.0,0.0,0.0,0.0,0.0,0.0,0.0,0.0,0.0,0.0,0.0,0.0
2024-10-05,29728,111209,10,0.0,0.0,0.0,0.0,0.0,0.0,0.0,0,0,0,0,0,0,0,1179,6052,61350.79,10.137275280898876,2024-10-05,2024-10-05,155684.5,32283.25,1.025,78.916,0.65,0.27,17.625,1.2075,-0.125,1448.08,0.0076,9911.75,8620.25,3727.5,0.0,0.0,0.0,0.0,0.0,0.0,0.0,0.0,0.0,0.0,0.0,0.0,0.0,0.0,0.0,0.0,0.0,0.0,0.0,0.0,0.0,0.0
2024-10-12,31198,103304,9,0.0,0.0,0.0,0.0,0.0,0.0,0.0,0,0,0,0,0,0,0,1353,7392,75711.19,10.242314664502166,2024-10-12,2024-10-12,155684.5,32283.25,1.025,78.916,0.65,0.27,17.625,1.2075,-0.125,1448.08,0.0076,9911.75,8620.25,3727.5,0.0,0.0,1.0,0.0,0.0,0.0,0.0,0.0,0.0,0.0,0.0,0.0,0.0,0.0,0.0,0.0,0.0,0.0,0.0,0.0,0.0,0.0
2024-10-19,38411,114798,10,0.0,0.0,0.0,0.0,0.0,0.0,0.0,0,0,0,0,0,0,0,1455,9028,83058.18,9.20006424457244,2024-10-19,2024-10-19,155684.5,32283.25,1.025,78.916,0.65,0.27,17.625,1.2075,-0.125,1448.08,0.0076,9911.75,8620.25,3727.5,0.0,0.0,0.0,0.0,0.0,0.0,0.0,0.0,0.0,0.0,0.0,0.0,0.0,0.0,0.0,0.0,0.0,0.0,0.0,0.0,0.0,0.0
2024-10-26,41426,103817,10,0.0,0.0,0.0,0.0,0.0,0.0,0.0,0,0,0,0,0,0,0,1533,8304,96229.59,11.58834176300578,2024-10-26,2024-10-26,155684.5,32283.25,1.025,78.916,0.65,0.27,17.625,1.2075,-0.125,1448.08,0.0076,9911.75,8620.25,3727.5,0.0,0.0,0.0,0.0,0.0,0.0,0.0,1.0,0.0,0.0,0.0,0.0,0.0,0.0,0.0,0.0,0.0,0.0,0.0,0.0,0.0,0.0
2024-11-02,30679,107522,9,0.0,0.0,0.0,0.0,0.0,0.0,0.0,0,0,0,0,0,0,0,1393,7601,72775.99,9.574528351532694,2024-11-02,2024-11-02,126079.8,28324.4,0.8400000000000001,63.0986,0.54,0.21800000000000003,14.36,0.9279999999999999,-0.13999999999999999,1185.984,0.00476,7457.0,6339.0,2595.0,0.0,0.0,0.0,0.0,0.0,0.0,0.0,0.0,0.0,0.0,0.0,0.0,0.0,0.0,0.0,0.0,0.0,0.0,0.0,0.0,0.0,0.0
2024-11-09,41654,124735,11,0.0,0.0,0.0,0.0,0.0,0.0,0.0,0,0,0,0,0,0,0,1666,10282,90797.24,8.830698307722233,2024-11-09,2024-11-09,126079.8,28324.4,0.8400000000000001,63.0986,0.54,0.21800000000000003,14.36,0.9279999999999999,-0.13999999999999999,1185.984,0.00476,7457.0,6339.0,2595.0,0.0,0.0,0.0,0.0,0.0,0.0,0.0,0.0,0.0,0.0,0.0,0.0,0.0,0.0,0.0,0.0,0.0,0.0,0.0,0.0,1.0,0.0
2024-11-16,35724,130929,9,0.0,0.0,0.0,0.0,0.0,0.0,0.0,0,0,0,0,0,0,0,1554,8727,90739.97,10.397613154577748,2024-11-16,2024-11-16,126079.8,28324.4,0.8400000000000001,63.0986,0.54,0.21800000000000003,14.36,0.9279999999999999,-0.13999999999999999,1185.984,0.00476,7457.0,6339.0,2595.0,0.0,0.0,0.0,0.0,0.0,0.0,0.0,0.0,0.0,0.0,0.0,0.0,0.0,0.0,0.0,0.0,0.0,0.0,0.0,0.0,0.0,0.0
2024-11-23,36088,135538,10,0.0,0.0,0.0,0.0,0.0,0.0,0.0,0,0,0,0,0,0,0,1866,12168,105206.23,8.646139875082183,2024-11-23,2024-11-23,126079.8,28324.4,0.8400000000000001,63.0986,0.54,0.21800000000000003,14.36,0.9279999999999999,-0.13999999999999999,1185.984,0.00476,7457.0,6339.0,2595.0,1.0,0.0,0.0,0.0,0.0,0.0,0.0,0.0,0.0,0.0,0.0,0.0,0.0,0.0,0.0,0.0,0.0,1.0,0.0,0.0,0.0,0.0
2024-11-30,113699,193140,9,0.0,0.0,0.0,0.0,0.0,0.0,0.0,0,0,0,0,0,0,0,2547,16658,174180.2,10.456249249609796,2024-11-30,2024-11-30,126079.8,28324.4,0.8400000000000001,63.0986,0.54,0.21800000000000003,14.36,0.9279999999999999,-0.13999999999999999,1185.984,0.00476,7457.0,6339.0,2595.0,0.0,0.0,0.0,1.0,0.0,0.0,0.0,0.0,0.0,0.0,0.0,0.0,0.0,0.0,0.0,0.0,1.0,0.0,0.0,0.0,0.0,0.0
2024-12-07,64783,146613,10,0.0,0.0,0.0,0.0,0.0,0.0,0.0,0,0,0,0,0,0,0,1669,12213,177345.82,14.521069352329484,2024-12-07,2024-12-07,172828.0,42437.0,1.025,78.90125,0.725,0.2525,18.5,1.12,-0.225,1502.7275,0.003425,10564.25,8731.25,3667.0,0.0,0.0,0.0,0.0,0.0,0.0,0.0,0.0,0.0,0.0,0.0,0.0,0.0,0.0,0.0,0.0,0.0,0.0,1.0,0.0,0.0,0.0
2024-12-14,38127,132496,10,0.0,0.0,0.0,0.0,0.0,0.0,0.0,0,0,0,0,0,0,0,1562,9683,110505.06,11.41227512134669,2024-12-14,2024-12-14,172828.0,42437.0,1.025,78.90125,0.725,0.2525,18.5,1.12,-0.225,1502.7275,0.003425,10564.25,8731.25,3667.0,0.0,0.0,0.0,0.0,0.0,0.0,0.0,0.0,0.0,0.0,0.0,0.0,0.0,0.0,0.0,0.0,0.0,0.0,0.0,0.0,0.0,1.0
2024-12-21,43070,108886,9,0.0,0.0,0.0,0.0,0.0,0.0,0.0,0,0,0,0,0,0,0,825,4434,57186.96,12.897374830852502,2024-12-21,2024-12-21,172828.0,42437.0,1.025,78.90125,0.725,0.2525,18.5,1.12,-0.225,1502.7275,0.003425,10564.25,8731.25,3667.0,0.0,1.0,0.0,0.0,0.0,0.0,0.0,0.0,1.0,0.0,0.0,0.0,0.0,0.0,0.0,0.0,0.0,0.0,0.0,0.0,0.0,0.0
2024-12-28,41915,95821,9,0.0,0.0,0.0,0.0,0.0,0.0,0.0,0,0,0,0,0,0,0,1210,5843,64364.72,11.015697415711108,2024-12-28,2024-12-28,172828.0,42437.0,1.025,78.90125,0.725,0.2525,18.5,1.12,-0.225,1502.7275,0.003425,10564.25,8731.25,3667.0,0.0,0.0,0.0,0.0,0.0,0.0,0.0,0.0,0.0,0.0,0.0,0.0,0.0,0.0,0.0,0.0,0.0,0.0,0.0,0.0,0.0,0.0
2025-01-04,41979,118632,8,0.0,0.0,0.0,0.0,0.0,0.0,0.0,0,0,0,0,0,0,0,1004,5154,52987.76,10.280900271633683,2025-01-04,2025-01-04,141665.5,28779.5,1.0,79.41775,0.75,0.2375,17.925,1.0825,-0.25,1494.88,-0.0013,9338.0,8100.75,3145.25,0.0,0.0,0.0,0.0,0.0,0.0,0.0,0.0,0.0,0.0,0.0,0.0,0.0,0.0,0.0,0.0,0.0,0.0,0.0,0.0,0.0,0.0
2025-01-11,15342,94657,9,0.0,0.0,0.0,0.0,0.0,0.0,0.0,0,0,0,0,0,0,0,856,4367,43026.9,9.85273643233341,2025-01-11,2025-01-11,141665.5,28779.5,1.0,79.41775,0.75,0.2375,17.925,1.0825,-0.25,1494.88,-0.0013,9338.0,8100.75,3145.25,0.0,0.0,0.0,0.0,0.0,0.0,0.0,0.0,0.0,0.0,0.0,0.0,0.0,0.0,0.0,0.0,0.0,0.0,0.0,0.0,0.0,0.0
2025-01-18,11706,93892,8,0.0,0.0,0.0,0.0,0.0,0.0,0.0,0,0,0,0,0,0,0,837,4262,43599.85,10.229903801032378,2025-01-18,2025-01-18,141665.5,28779.5,1.0,79.41775,0.75,0.2375,17.925,1.0825,-0.25,1494.88,-0.0013,9338.0,8100.75,3145.25,0.0,0.0,0.0,0.0,0.0,0.0,0.0,0.0,0.0,0.0,0.0,0.0,0.0,0.0,0.0,0.0,0.0,0.0,0.0,0.0,0.0,0.0
2025-01-25,59251,107081,11,0.0,0.0,0.0,0.0,0.0,0.0,0.0,0,0,0,0,0,0,0,1239,6777,63503.19,9.370398406374502,2025-01-25,2025-01-25,141665.5,28779.5,1.0,79.41775,0.75,0.2375,17.925,1.0825,-0.25,1494.88,-0.0013,9338.0,8100.75,3145.25,0.0,0.0,0.0,0.0,0.0,0.0,0.0,0.0,0.0,0.0,0.0,0.0,0.0,0.0,0.0,0.0,0.0,0.0,0.0,0.0,0.0,0.0
2025-02-01,68350,121005,10,0.0,0.0,0.0,0.0,0.0,0.0,0.0,0,0,0,0,0,0,0,981,4791,49237.31,10.277042371112502,2025-02-01,2025-02-01,135992.5,28131.25,1.025,79.7705,0.7,0.2625,16.175,1.0825,-0.2,1509.6725,0.002475,8871.0,7644.75,3097.25,0.0,0.0,0.0,0.0,0.0,0.0,0.0,0.0,0.0,0.0,0.0,0.0,0.0,0.0,0.0,0.0,0.0,0.0,0.0,0.0,0.0,0.0
2025-02-08,51641,117149,9,0.0,0.0,0.0,0.0,0.0,0.0,0.0,0,0,0,0,0,0,0,622,3239,31655.14,9.773121333744983,2025-02-08,2025-02-08,135992.5,28131.25,1.025,79.7705,0.7,0.2625,16.175,1.0825,-0.2,1509.6725,0.002475,8871.0,7644.75,3097.25,0.0,0.0,0.0,0.0,0.0,0.0,0.0,0.0,0.0,0.0,0.0,0.0,0.0,0.0,0.0,0.0,0.0,0.0,0.0,1.0,0.0,0.0
2025-02-15,41617,60808,10,5243.902902,3623.020678,3868.596626,0.0,0.0,0.0,0.0,571413,300859,21136,0,0,0,0,637,3181,33849.17,10.641046840616156,2025-02-15,2025-02-15,135992.5,28131.25,1.025,79.7705,0.7,0.2625,16.175,1.0825,-0.2,1509.6725,0.002475,8871.0,7644.75,3097.25,0.0,0.0,0.0,0.0,0.0,0.0,0.0,0.0,0.0,0.0,0.0,0.0,0.0,0.0,1.0,0.0,0.0,0.0,0.0,0.0,0.0,0.0
2025-02-22,49284,57507,8,10983.93292,2697.339838,4145.266944999999,0.0,0.0,0.0,0.0,1040775,544778,25140,0,0,0,0,768,4093,40814.84,9.97186415831908,2025-02-22,2025-02-22,135992.5,28131.25,1.025,79.7705,0.7,0.2625,16.175,1.0825,-0.2,1509.6725,0.002475,8871.0,7644.75,3097.25,0.0,0.0,0.0,0.0,0.0,0.0,0.0,0.0,0.0,0.0,0.0,0.0,0.0,0.0,0.0,0.0,0.0,0.0,0.0,0.0,0.0,0.0
2025-03-01,47173,47272,9,12513.865548,2765.863046,5129.452062,0.0,0.0,0.0,0.0,1260816,500872,26592,0,0,0,0,654,2907,30362.02,10.444451324389403,2025-03-01,2025-03-01,124990.8,25710.0,0.8400000000000001,63.959799999999994,0.48,0.21000000000000002,11.4,0.866,-0.13999999999999999,1136.7959999999998,-0.01174,7766.4,6625.2,2888.0,0.0,0.0,0.0,0.0,0.0,0.0,0.0,0.0,0.0,0.0,0.0,0.0,0.0,0.0,0.0,0.0,0.0,0.0,0.0,0.0,0.0,0.0
2025-03-08,66474,47901,9,4902.070243,1833.236042,2588.860312,0.0,0.0,0.0,0.0,564216,268881,16990,0,0,0,0,639,3497,32530.58,9.302424935659136,2025-03-08,2025-03-08,124990.8,25710.0,0.8400000000000001,63.959799999999994,0.48,0.21000000000000002,11.4,0.866,-0.13999999999999999,1136.7959999999998,-0.01174,7766.4,6625.2,2888.0,0.0,0.0,0.0,0.0,0.0,0.0,0.0,0.0,0.0,0.0,0.0,0.0,0.0,0.0,0.0,0.0,0.0,0.0,0.0,0.0,0.0,0.0
2025-03-15,38422,45041,8,4164.779969,1551.763787,2130.32366,978.269995,0.0,0.0,0.0,455919,163153,9217,82632,0,0,0,613,3629,32576.48,8.976709837420778,2025-03-15,2025-03-15,124990.8,25710.0,0.8400000000000001,63.959799999999994,0.48,0.21000000000000002,11.4,0.866,-0.13999999999999999,1136.7959999999998,-0.01174,7766.4,6625.2,2888.0,0.0,0.0,0.0,0.0,0.0,0.0,0.0,0.0,0.0,0.0,0.0,0.0,0.0,0.0,0.0,0.0,0.0,0.0,0.0,0.0,0.0,0.0
2025-03-22,50840,38469,9,3762.369991,1780.588834,1932.069621,1570.799968,2691.719989,0.0,0.0,425658,157125,10281,161195,133484,0,0,552,3305,31052.07,9.395482602118005,2025-03-22,2025-03-22,124990.8,25710.0,0.8400000000000001,63.959799999999994,0.48,0.21000000000000002,11.4,0.866,-0.13999999999999999,1136.7959999999998,-0.01174,7766.4,6625.2,2888.0,0.0,0.0,0.0,0.0,0.0,0.0,0.0,0.0,0.0,0.0,0.0,0.0,0.0,0.0,0.0,0.0,0.0,0.0,0.0,0.0,0.0,0.0
2025-03-29,73036,41195,9,3764.179973,2270.781732,2746.537834,1582.410034,5104.539988,0.0,0.0,347345,279441,19011,140994,352836,0,0,1177,7962,73517.95,9.233603365988444,2025-03-29,2025-03-29,124990.8,25710.0,0.8400000000000001,63.959799999999994,0.48,0.21000000000000002,11.4,0.866,-0.13999999999999999,1136.7959999999998,-0.01174,7766.4,6625.2,2888.0,0.0,0.0,0.0,0.0,0.0,0.0,0.0,0.0,0.0,0.0,0.0,0.0,0.0,0.0,0.0,0.0,0.0,0.0,0.0,0.0,0.0,0.0
2025-04-05,88312,44863,8,4121.869984,2195.192952,2656.52431,1751.639998,6841.46998,0.0,0.0,444621,452582,18611,184009,329312,0,0,576,3276,36509.38,11.144499389499387,2025-04-05,2025-04-05,155886.25,31437.0,1.05,80.19875,0.575,0.2625,13.05,1.0825,-0.1,1342.375,-0.01385,9615.75,8297.0,3521.0,0.0,0.0,0.0,0.0,0.0,0.0,0.0,0.0,0.0,0.0,0.0,0.0,0.0,0.0,0.0,0.0,0.0,0.0,0.0,0.0,0.0,0.0
2025-04-12,43559,32248,8,4601.140036,2217.328606,2257.882986,2128.249989,5266.069984,400.459999,0.0,483031,266659,18779,221516,324439,21153,0,562,3126,38533.81,12.326874600127958,2025-04-12,2025-04-12,155886.25,31437.0,1.05,80.19875,0.575,0.2625,13.05,1.0825,-0.1,1342.375,-0.01385,9615.75,8297.0,3521.0,0.0,0.0,0.0,0.0,0.0,0.0,1.0,0.0,0.0,0.0,0.0,0.0,0.0,0.0,0.0,0.0,0.0,0.0,0.0,0.0,0.0,0.0
2025-04-19,31541,31605,8,4565.989962,1849.200422,1875.681264,1859.259988,4450.029989,680.419998,0.0,534455,233264,18129,192364,320982,43471,0,533,4508,45690.1,10.1353371783496,2025-04-19,2025-04-19,155886.25,31437.0,1.05,80.19875,0.575,0.2625,13.05,1.0825,-0.1,1342.375,-0.01385,9615.75,8297.0,3521.0,0.0,0.0,0.0,0.0,1.0,0.0,0.0,0.0,0.0,0.0,0.0,0.0,0.0,0.0,0.0,0.0,0.0,0.0,0.0,0.0,0.0,0.0
2025-04-26,42176,40408,8,4749.889969,2610.496199,2146.6687810000003,2009.86,4251.619981,710.159995,0.0,537219,256021,16439,195856,333955,47332,0,648,3740,30024.51,8.027943850267379,2025-04-26,2025-04-26,155886.25,31437.0,1.05,80.19875,0.575,0.2625,13.05,1.0825,-0.1,1342.375,-0.01385,9615.75,8297.0,3521.0,0.0,0.0,0.0,0.0,0.0,0.0,0.0,0.0,0.0,0.0,0.0,0.0,0.0,0.0,0.0,0.0,0.0,0.0,0.0,0.0,0.0,0.0
2025-05-03,56449,45311,9,4947.879961,3043.74578,1899.869604,2091.599991,3845.579964,927.669992,0.0,662533,388456,12872,228525,337633,61368,0,680,3045,30488.04,10.01249261083744,2025-05-03,2025-05-03,124990.8,25710.0,0.8400000000000001,64.29299999999999,0.48,0.21000000000000002,10.440000000000001,0.866,-0.08,1162.184,0.01644,7766.4,6625.2,2888.0,0.0,0.0,0.0,0.0,0.0,0.0,0.0,0.0,0.0,0.0,0.0,0.0,0.0,0.0,0.0,0.0,0.0,0.0,0.0,0.0,0.0,0.0
2025-05-10,77048,37420,9,4883.642323,3257.676632,1535.554213,2023.479338,3519.819984,1083.089995,0.0,641613,424967,16301,234793,412104,73653,0,387,2138,20538.83,9.606562207670722,2025-05-10,2025-05-10,124990.8,25710.0,0.8400000000000001,64.29299999999999,0.48,0.21000000000000002,10.440000000000001,0.866,-0.08,1162.184,0.01644,7766.4,6625.2,2888.0,0.0,0.0,0.0,0.0,0.0,0.0,0.0,0.0,0.0,0.0,0.0,0.0,0.0,1.0,0.0,0.0,0.0,0.0,0.0,0.0,0.0,0.0
2025-05-17,29046,32868,8,4951.440049,4102.332804,1963.281282,2049.599997,3502.059989,1018.899993,0.0,691459,501574,25478,258034,394772,71415,0,362,2340,20403.58,8.719478632478634,2025-05-17,2025-05-17,124990.8,25710.0,0.8400000000000001,64.29299999999999,0.48,0.21000000000000002,10.440000000000001,0.866,-0.08,1162.184,0.01644,7766.4,6625.2,2888.0,0.0,0.0,0.0,0.0,0.0,0.0,0.0,0.0,0.0,0.0,0.0,0.0,0.0,0.0,0.0,0.0,0.0,0.0,0.0,0.0,0.0,0.0
2025-05-24,35833,44690,9,4811.039922,3604.221287,1830.877706,1993.829916,3456.869982,1022.559997,0.0,607382,481545,18839,219267,325777,63812,0,495,3418,27704.04,8.105336454066705,2025-05-24,2025-05-24,124990.8,25710.0,0.8400000000000001,64.29299999999999,0.48,0.21000000000000002,10.440000000000001,0.866,-0.08,1162.184,0.01644,7766.4,6625.2,2888.0,0.0,0.0,0.0,0.0,0.0,0.0,0.0,0.0,0.0,0.0,0.0,0.0,1.0,0.0,0.0,0.0,0.0,0.0,0.0,0.0,0.0,0.0
2025-05-31,64877,59703,8,4768.689884,3342.343004,1428.624225,2035.119937,3503.769982,1354.339996,0.0,599339,437468,13254,223241,367665,82859,0,598,3272,29745.45,9.090907701711492,2025-05-31,2025-05-31,124990.8,25710.0,0.8400000000000001,64.29299999999999,0.48,0.21000000000000002,10.440000000000001,0.866,-0.08,1162.184,0.01644,7766.4,6625.2,2888.0,0.0,0.0,0.0,0.0,0.0,0.0,0.0,0.0,0.0,0.0,0.0,0.0,0.0,0.0,0.0,0.0,0.0,0.0,0.0,0.0,0.0,0.0
2025-06-07,45787,60584,9,4841.199733,3935.067488,1409.740544,2025.249956,3550.619981,1425.849991,0.0,576139,435841,14025,207993,404155,82818,0,474,2683,24583.2,9.16257920238539,2025-06-07,2025-06-07,156238.5,32137.5,1.025,80.36625,0.6,0.2625,13.05,1.0825,-0.1,1496.365,0.0075,9708.0,8281.5,3610.0,0.0,0.0,0.0,0.0,0.0,0.0,0.0,0.0,0.0,0.0,0.0,0.0,0.0,0.0,0.0,0.0,0.0,0.0,0.0,0.0,0.0,0.0
2025-06-14,82190,60252,9,4810.109731,3957.549229,1502.526548,2017.26988,3217.419989,1384.879997,0.0,597051,590240,13783,232517,369686,75779,0,567,3174,27203.5,8.570730938878388,2025-06-14,2025-06-14,156238.5,32137.5,1.025,80.36625,0.6,0.2625,13.05,1.0825,-0.1,1496.365,0.0075,9708.0,8281.5,3610.0,0.0,0.0,0.0,0.0,0.0,1.0,0.0,0.0,0.0,0.0,1.0,0.0,0.0,0.0,0.0,0.0,0.0,0.0,0.0,0.0,0.0,0.0
2025-06-21,46003,48678,9,5147.889948,3765.621662,1671.58539,2437.049985,3822.929983,1524.999992,454.880022,621780,462038,14549,284871,357936,94446,41379,513,3192,29942.86,9.38059523809524,2025-06-21,2025-06-21,156238.5,32137.5,1.025,80.36625,0.6,0.2625,13.05,1.0825,-0.1,1496.365,0.0075,9708.0,8281.5,3610.0,0.0,0.0,0.0,0.0,0.0,0.0,0.0,0.0,0.0,0.0,0.0,0.0,0.0,0.0,0.0,0.0,0.0,0.0,0.0,0.0,0.0,0.0
2025-06-28,42143,52446,9,5234.029019,3528.390764,1677.47126,2426.288784,2337.749988,1531.659994,759.359858,655730,485905,16563,282425,244376,93751,78494,530,2874,27764.67,9.660636743215033,2025-06-28,2025-06-28,156238.5,32137.5,1.025,80.36625,0.6,0.2625,13.05,1.0825,-0.1,1496.365,0.0075,9708.0,8281.5,3610.0,0.0,0.0,0.0,0.0,0.0,0.0,0.0,0.0,0.0,1.0,0.0,0.0,0.0,0.0,0.0,0.0,0.0,0.0,0.0,0.0,0.0,0.0
